{
  "prompt_v1_scores": {
    "faithfulness": 0.9473650793650793,
    "answer_relevancy": 0.9108845451442559,
    "context_recall": 0.84,
    "context_precision": 0.8949999999289165
  },
  "prompt_v2_scores": {
    "faithfulness": 0.9138631923631922,
    "answer_relevancy": 0.894526681694794,
    "context_recall": 0.82,
    "context_precision": 0.8749999999295833
  },
  "target_met": true
}